seconds_elapsed,ax,ay,az,gx,gy,gz
0.07284765625,0.0323140505623072,0.1579351842448115,0.6019751287907361,0.2611398100852966,-0.1968970745801925,-0.0326082929968833
0.08287353515625,0.1326066817209124,0.052926667012833,0.6725292589634656,0.1686779260635376,-0.189633697271347,-0.0111713567748665
0.092899658203125,0.1627892001472413,-0.0482375228159129,0.6705056441813707,0.0908867195248603,-0.1696876883506775,0.0058337259106338
0.102926513671875,0.149665806940943,-0.055035548925586,0.5467652827441692,0.0408816374838352,-0.1276910454034805,0.0030050794593989
0.112952392578125,0.0778687640350312,-0.0436533733634278,0.3441267411589622,0.0070118191651999,-0.0843763202428817,-0.0109959580004215
0.122978515625,-0.0322233766041696,0.0054035760765895,0.2298737545132637,-0.0216731131076812,-0.036574512720108,-0.0278215706348419
0.133005615234375,-0.04031666668877,0.0644029871318489,0.1670505108535289,-0.0422577485442161,0.0075002694502472,-0.0306218843907117
0.143031494140625,0.0853568547680974,0.1447383970087394,0.1149614271759986,-0.065896138548851,0.0205072164535522,-0.0186676979064941
0.153057373046875,0.1939331840168684,0.1750019813146442,0.1551800403177738,-0.092418298125267,0.0254833325743675,0.0013214561622589
0.163083740234375,0.2407263532433658,0.1631844100099057,0.1890887396603822,-0.1075484380125999,0.0374980494379997,0.0236687269061803
0.17311083984375,0.2854166319064796,0.147942672942765,0.0939578021138906,-0.11159697920084,0.0486164800822734,0.0430293753743171
0.18313671875,0.2882175877366215,0.1362859730218537,-0.0316419234544038,-0.0988975241780281,0.0644493103027343,0.0639427304267883
0.19316259765625,0.2055915461719036,0.1538251733764074,-0.0813327138185501,-0.0758790224790573,0.0782452821731567,0.077762134373188
0.203189453125,0.1150775278363376,0.1298896047819405,-0.0507476059406995,-0.0464535094797611,0.0674528926610946,0.0814496502280235
0.21321533203125,0.0762438662469387,0.0788809367522597,0.0544388616740703,-0.023607050999999,0.0389554649591445,0.0837024226784706
0.22324169921875,0.0459440781164914,0.0384729750508442,0.1300391693204641,-0.0031321858987212,0.0071440730243921,0.0801787972450256
0.2332685546875,0.0321122443798929,-0.0418387799558229,0.1726198354184627,0.0062216343358159,-0.0251677930355072,0.0704771727323532
0.243294677734375,0.0313334420271217,-0.0907702763852663,0.1952694741219282,0.0114217735826969,-0.0423516407608985,0.0623249560594558
0.253320556640625,0.0042170331731438,-0.1138353640218265,0.2283008061081171,0.0069876099005341,-0.0533462353050708,0.0482653304934501
0.263347412109375,-0.0504286761846393,-0.1020843003483489,0.24317805724442,0.0020807352848351,-0.0611106157302856,0.0432039313018322
0.273373291015625,-0.035552009570226,-0.0440550677658058,0.2020586958706378,0.0015973716508597,-0.0647114738821983,0.0469073243439197
0.2833994140625,-0.0168318923354148,0.0286847541492432,0.1227718086659908,0.0162680707871913,-0.0558402203023433,0.0540270619094371
0.293426513671875,-0.0149960552103817,0.0580584404107183,0.015975567767024,0.0391949601471424,-0.0425736829638481,0.0540574230253696
0.30345263671875,-0.0731937579613179,0.0494318654333241,-0.0545697945773601,0.0560526251792907,-0.0240741670131683,0.0459175556898117
0.313478515625,-0.1291527418747544,-0.0051876500372774,0.0162339264422655,0.0568028353154659,-0.0078842788934707,0.0383240841329097
0.323505615234375,-0.1458181185368448,-0.0318739969109185,0.1112386072605848,0.0457479581236839,0.0053995694033801,0.0299619045108556
0.333531494140625,-0.1231592005483806,-0.0508794338931329,0.1985837132364511,0.0304651409387588,0.0158609990030527,0.0188711695373058
0.3435576171875,-0.1257747898742556,-0.0513822871150448,0.3083008100181817,0.0072148973122239,0.0099640246480703,0.0032293745316565
0.35358447265625,-0.1266872285440564,-0.1048500570009462,0.3493190491050482,-0.0128168677911162,-0.0088828988373279,-0.0195100270211696
0.363610595703125,-0.1233884792596101,-0.1319120870528742,0.3464122217476367,-0.0301818661391735,-0.0303206779062747,-0.0414116866886615
0.373636474609375,-0.1143234945986419,-0.1022197084973566,0.318434666019678,-0.0462899953126907,-0.0449669994413852,-0.0571725405752658
0.38366357421875,-0.0568345246389508,-0.0583499524368904,0.2356459081739187,-0.0591602772474288,-0.0547223575413227,-0.062572531402111
0.393689453125,-0.0142790660474449,0.003991827848833,0.1208148293793201,-0.0655643865466117,-0.0560520738363266,-0.0566448643803596
0.403715576171875,0.0204698835115879,0.0605691628563217,-0.0128097972124814,-0.0585913993418216,-0.0351218916475772,-0.0449224635958671
0.41374267578125,0.0442591937694698,0.0832208473864011,-0.1443511877894401,-0.036638431251049,-0.005290494300425,-0.0354258976876735
0.423768798828125,-0.0049776422820985,0.0910795249975286,-0.1797042407214641,-0.0088163632899522,0.0160220526158809,-0.0309642795473337
0.43379443359375,-0.0156656981002539,0.1074455533868633,-0.1436637900471687,0.0157904457300901,0.0221894010901451,-0.0252802949398756
0.443820556640625,-0.0042203211087733,0.1305474111035466,-0.0937391909271478,0.0376251451671123,0.0283716637641191,-0.0139275975525379
0.453847412109375,0.0365836907055228,0.1444094573153183,-0.0535346063107252,0.0544177070260047,0.0377257503569126,0.004899620078504
0.46387353515625,0.0886023394953459,0.1740629468988627,0.0110410339742898,0.0647870898246765,0.0337973870337009,0.0106600867584347
0.4738994140625,0.075151248704642,0.1232845804937183,0.0621785160154104,0.0585558265447616,0.0077159870415925,0.0059926309622824
0.4839267578125,0.0725157125692814,0.0319911570171825,0.1816939532339573,0.0479743331670761,-0.0140989646315574,0.0061426959000527
0.49395263671875,0.1174169305693358,-0.0118975046731531,0.2351736144870519,0.0269622597843408,-0.020547542721033,0.00206965720281
0.503978759765625,0.1421755242507904,-0.0454322196042165,0.2687999897569418,-0.0010741678997874,-0.0243305619806051,-0.0031344257295131
0.51400537109375,0.0927448461275547,-0.0203970374710857,0.2837888845741748,-0.0303854513913393,-0.0249702539294958,-0.0026137777604162
0.524031494140625,0.0587456189572811,-0.028371742677316,0.2585182497173547,-0.0533918961882591,-0.005891369190067,-0.00258045992814
0.534057373046875,0.0581525484349578,-0.0376972231716848,0.1897352208703756,-0.0644903555512428,0.0076508047059178,-0.0037368044722825
0.544084716796875,0.0657235682111233,-0.0475124599443748,0.1681225239992141,-0.0704180672764778,0.0023630331270396,-0.0054509462788701
0.554110595703125,0.0599563829865306,-0.0423984048662707,0.146501643821597,-0.067852109670639,0.0070262281224131,-0.008531691506505
0.56413671875,0.0576565816115587,-0.0307528473938815,0.1186059211581945,-0.0610068626701831,0.0064262170344591,-0.0119765391573309
0.57416357421875,0.0690329850200563,-0.0036358174853958,0.1331172615915536,-0.0544088818132877,-0.010195636190474,-0.0113059552386403
0.584189697265625,0.0566034192968159,0.002449585109204,0.1535012934505939,-0.0592239014804363,-0.0224701445549726,-0.0154874809086322
0.594215576171875,0.0615404373075813,-0.0070096595663577,0.1858078182935714,-0.0607778541743755,-0.0251604709774255,-0.0170249249786138
0.60424267578125,0.0893094648513943,-0.002558397512231,0.1629302160531282,-0.0587972588837146,-0.0129902902990579,-0.0084046050906181
0.6142685546875,0.0863061183169484,0.0381583013447932,0.1437222422361374,-0.0502956509590148,0.0003449562937021,0.0020211378578096
0.624294677734375,0.0549309560399502,0.0641042416472919,0.0700689770042896,-0.0278631001710891,0.0038094611372798,0.0115052657201886
0.634321533203125,0.0600342705283313,0.0800740189943462,0.0229623579144477,0.00666930899024,-0.0028740079142153,0.0266943369060754
0.64434765625,0.1058074490573257,0.1102534869470633,-0.0403021997720003,0.0529562160372734,-0.0074838721193373,0.0377632863819599
0.65437353515625,0.0776076288808137,0.1033107003381475,-0.1109814176291227,0.0901307463645935,0.0015221398789435,0.0371270552277565
0.664400634765625,-0.0098605920180678,0.0600027246125973,-0.0724690238833427,0.1052639633417129,0.0028284869622439,0.032082449644804
0.674426513671875,-0.0238935743499547,0.0481743396528996,0.1081874029964208,0.0949756428599357,0.0020218153949826,0.0334507822990417
0.68445263671875,0.0169589527811855,0.0386192516537383,0.2888783166676759,0.0633503124117851,-0.0045625171624124,0.0347204133868217
0.694478515625,0.0521167754020541,-0.0068863071813248,0.4201847294449806,0.0264365039765834,-0.0266270749270916,0.038389716297388
0.704505615234375,0.0395563498407602,-0.0218641326152719,0.5022895966798067,-0.001631130464375,-0.0610574856400489,0.0320365615189075
0.714531494140625,0.014678367563337,-0.0494307329221628,0.4613999524086714,-0.0178236830979585,-0.0853836014866828,0.015562780201435
0.7245576171875,-0.0157508191004395,-0.0779422859289683,0.3062567369699478,-0.0194680169224739,-0.0876644551753997,0.0036097199190407
0.73458447265625,-0.0501535125050693,-0.0673632799758575,0.098947865486145,-0.008294191211462,-0.0634861513972282,-0.0024194105062633
0.74461083984375,-0.0442803826879709,0.0008142572586424,-0.0475882651269435,0.0033344302792102,-0.0314922705292701,-0.0025826874189078
0.75463671875,-0.0169750271331518,0.099080277960468,-0.0972433996558189,0.0109915509819984,0.0032593198120594,0.006391632836312
0.76466357421875,0.013419965000078,0.113868809633702,-0.1152355679422616,0.0094907106831669,0.0352026708424091,0.0123564712703228
0.774689453125,0.0452943820361047,0.0939999242225661,-0.0345668709903955,0.0030330778099596,0.056175597012043,0.0134353172034025
0.784715576171875,0.0545238365437835,0.0413847708443179,0.0848228940218687,-0.0058933985419571,0.0592583417892456,0.0108019905164837
0.794742431640625,0.037701442689076,0.0055179779701866,0.1653156498849392,-0.0121433045715093,0.0549128577113151,0.0081177903339266
0.804768798828125,0.0490888789482414,0.0066136642524041,0.1995008280813693,-0.009842068888247,0.038584154099226,0.0034328261390328
0.814794677734375,0.0302961348686367,0.0101413451882079,0.1866921999126672,0.003402629867196,0.0187521260231733,0.0001259790733456
0.82482177734375,0.0013602555025368,-0.0071745495381765,0.1583329513907432,0.0255311988294124,0.0129605494439601,-0.0018196065211668
0.83484765625,-0.0031155747372657,-0.0076675024205818,0.1572469097197055,0.0470375567674636,0.0040117958560585,-0.006729676388204
0.844873779296875,-0.0458710859455168,-0.012252017199248,0.1525549525111913,0.0668161958456039,-0.0139458328485488,-0.0136286113411188
0.854900390625,-0.0650713148474693,-0.0090776614794507,0.2175567092537879,0.0709957629442215,-0.0371369048953056,-0.0246727410703897
0.864926513671875,-0.0535510459888726,0.0525525730034336,0.274217338630557,0.0643563121557235,-0.0454544238746166,-0.0281985439360141
0.87495263671875,-0.0010880874976515,0.0652841904131695,0.2403928104400634,0.0483640283346176,-0.0296102110296487,-0.0170971564948558
0.884979736328125,0.0113250385474413,0.0638734102997928,0.1868944444864988,0.0394427515566349,0.005006153602153,-0.0147238820791244
0.895005615234375,-0.0084364774990826,0.0763737397043034,0.1379687932759523,0.0231876149773597,0.0233992747962474,-0.0234888773411512
0.905031494140625,-0.0575432574301958,0.0590836918052285,0.1756780539453029,-0.0058295372873544,0.0253565646708011,-0.0338341072201728
0.91505859375,-0.0380810896564275,0.0533365264553576,0.2784282343238592,-0.0405632853507995,0.0234832968562841,-0.0324548557400703
0.92508447265625,0.0183519415095448,0.0388875472011044,0.3421995724886655,-0.0689957663416862,0.0202665328979492,-0.0296108648180961
0.9351103515625,0.0373532137732952,0.0186374256537295,0.3055991498440504,-0.0831672474741935,0.0139969196170568,-0.0284846145659685
0.9451376953125,0.0308192819599062,0.0047651320425793,0.216883340036869,-0.0754061639308929,0.0079426886513829,-0.0295614097267389
0.95516357421875,0.0159096629239618,0.0382919559281319,0.1141694000154733,-0.0534497313201427,0.0041583366692066,-0.0271435268223285
0.96518994140625,0.0321191125120967,0.0628775859291665,0.0302162745654582,-0.022902064025402,0.0064271502196788,-0.0248026270419359
0.9752158203125,0.0335573286216706,0.0556252949796617,-0.0511205309063196,0.0066608879715204,0.0053496351465582,-0.020937580615282
0.9852431640625,0.0749104987513274,0.0505895658347755,-0.0584480973154306,0.0213680751621723,0.0080084018409252,-0.0133050456643104
0.99526904296875,0.107863066412881,0.0368731751713901,-0.0186550161093473,0.0239867605268955,0.0068848147056996,-0.0083803283050656
1.005294921875,0.1338682260893285,0.0152500482377596,0.0558306082934141,0.0189748089760541,0.0017108905594795,-0.005259214900434
1.01532177734375,0.1373217275440693,-0.0038689503878355,0.1417939045220613,0.0088843582198023,-0.0116187622770667,-0.0057633509859442
1.02534765625,0.1272708005856722,-0.0106712508138269,0.1292272684156894,0.0032114353962242,-0.0228636283427476,-0.0060097086243331
1.035373779296875,0.1385194859612733,0.000858132932987,0.0302840791046619,0.0037728298921138,-0.0240476690232753,-0.002247993601486
1.045401123046875,0.1350552439168095,0.0476330175841227,-0.0343394919753074,-0.0008453521877527,-0.0113053740933537,-0.0017485244898125
1.055427001953125,0.0950161520604044,0.0803833224055357,-0.0433311922043561,-0.0162000730633735,0.0008580810390412,0.002196682151407
1.065452880859375,0.0578154254350811,0.0902093910994939,-0.0057803369671106,-0.0369813293218612,0.0159372985363006,0.0133631620556116
1.075479736328125,0.0690060970131307,0.0756802410148084,0.0466191278338432,-0.0574429258704185,0.0353440195322036,0.0251047722995281
1.085505615234375,0.0578790652558207,0.0483892975778318,0.0681821403443813,-0.0658046752214431,0.0421317517757415,0.0280907675623893
1.09553173828125,0.0082976535502821,0.0303869366909377,0.0905120455741882,-0.0622091367840766,0.04415974766016,0.0293957162648439
1.105558837890625,-0.0025533377446234,0.0032088242449797,0.0718242962390184,-0.0478996783494949,0.0458628423511981,0.0309947747737169
1.1155849609375,-0.0055994274422526,-0.0086182638067752,0.0545633648365736,-0.0290639400482177,0.035290889441967,0.0392756089568138
1.12561083984375,0.0009969020828604,-0.0130637537072412,0.0773684863626957,-0.0041657374240458,0.0099932551383972,0.0495763830840587
1.135637939453125,0.0193178639322519,-0.0165964030791074,0.0982791724443435,0.0241274200379848,-0.0155464597046375,0.058659091591835
1.145663818359375,-0.000747238170728,-0.0428938237003982,0.122965285411477,0.0490957126021385,-0.0430801510810852,0.0554752089083194
1.15568994140625,-0.0839812555659562,-0.1088952407385222,0.1540454833298921,0.0614868700504303,-0.0574047602713108,0.0453527979552745
1.165716552734375,-0.1519908888876438,-0.1691730194328352,0.1992640967160463,0.0620489194989204,-0.0550426021218299,0.0337456911802291
1.17574267578125,-0.1705839456766843,-0.2141258397559635,0.2355745965033769,0.0480910278856754,-0.0446706563234329,0.0135514754801988
1.185768798828125,-0.1683739414770156,-0.2111548428548499,0.3155073803961277,0.0248590167611837,-0.0458479039371013,-0.0042207124643027
1.1957958984375,-0.1158780305642634,-0.1760481476330198,0.320545959085226,0.0011001583188772,-0.0386919900774955,-0.0177237372845411
1.20582177734375,-0.0583741552963852,-0.1493866977386176,0.2412164017826318,-0.0137360952794551,-0.0143159441649913,-0.0215733982622623
1.215847900390625,-0.0374104969184845,-0.0931501389928162,0.1659767441421747,-0.015789657831192,0.0085920337587594,-0.0246999487280845
1.225875,-0.0195526956014335,-0.0289643200092948,0.0998334161490202,-0.0075178798288106,0.0211914498358964,-0.0221960451453924
1.23590087890625,0.0159785634417086,0.0108423513307236,0.0742336954683065,0.0124260010197758,0.0178955197334289,-0.0185842663049697
1.245927001953125,0.0756434892009943,0.0218014061099849,0.0413280356884002,0.0388135723769664,0.0058011072687804,-0.0086820228025317
1.255952880859375,0.1181670913495123,0.0561762433933094,0.048178632235527,0.0634052008390426,-0.015229077078402,-0.0058761155232787
1.265979736328125,0.1352538352288305,0.0834922116736881,0.0704161830067634,0.0732329860329628,-0.0277540571987628,-0.0062387255020439
1.276005859375,0.1543021615047007,0.1174896304793655,0.1220522622197866,0.0684012174606323,-0.0340135507285594,0.0046919528394937
1.28603173828125,0.1814179127715527,0.1711680657075718,0.1855167263925075,0.046681560575962,-0.034703105688095,0.0196023546159267
1.296058837890625,0.1814860826369375,0.1772287539860233,0.2311275539666414,0.0150746330618858,-0.0293770525604486,0.0287841353565454
1.306084716796875,0.1389883455820381,0.1182194425912573,0.2261521036416292,-0.0198533292859792,-0.0225961804389953,0.0283934939652681
1.316111083984375,0.091374580687657,0.0727665455251932,0.2198608945429325,-0.0486679337918758,-0.0082989986985921,0.0251737330108881
1.3261376953125,0.0770109781619161,0.0351735133803449,0.2128261736005544,-0.073022611439228,-0.0024578878656029,0.0167410708963871
1.336163818359375,0.0521883793335407,-0.0093988379915244,0.1915232733309269,-0.0877445712685585,0.0018718796782195,0.0137415528297424
1.346189697265625,0.0837878518857061,-0.0232400058120489,0.1367319449573755,-0.0847355350852012,0.0057096262462437,0.0207527074962854
1.356216796875,0.0835422065615654,0.0104312315128743,0.0774210933327674,-0.0647783353924751,-0.0002771597355604,0.0286433883011341
1.36624267578125,0.0513470331385731,-0.0146128828453831,0.0728664987683296,-0.0366434417665004,-0.015914374962449,0.0316606499254703
1.376268798828125,0.004171367400512,-0.0334945838500745,0.0326414558857679,-0.0039912238717079,-0.0328467525541782,0.0343927890062332
1.3862958984375,-0.0040577509582042,-0.024831165727321,-0.0041734862923622,0.0267311707139015,-0.0404961518943309,0.0375391915440559
1.396322021484375,-0.0113957656960934,-0.0334341588997282,-0.0057779988795518,0.0456971377134323,-0.0415355823934078,0.0410907827317714
1.406347900390625,-0.0409118561029434,-0.004383804574795,-0.0004711246430873,0.0481657125055789,-0.0239897463470697,0.0477414950728416
1.416374755859375,-0.0428713926728814,0.0185064562178216,0.0251993231862783,0.0385490395128726,-0.0006790976040065,0.0512957498431205
1.426400634765625,-0.0396301457293331,-0.0149550473465584,0.0893529386669397,0.0160432998090982,0.0080588012933731,0.0519549250602722
1.4364267578125,-0.0608382803875952,-0.0680815843130461,0.1883019731968641,-0.0055962158367037,0.0063730208203196,0.0433188267052173
1.446453857421875,-0.0807223268352448,-0.1725536748470738,0.224279880028963,-0.0195993818342685,0.0017305985093116,0.0278543829917907
1.45647998046875,-0.0727430915843695,-0.2168250339783728,0.2117646818488836,-0.0259795170277357,-0.0044274288229644,0.0050681107677519
1.466505859375,-0.0893526464059948,-0.1812281440868042,0.175269473144412,-0.0268191881477832,-0.0110941864550113,-0.0113415922969579
1.476532958984375,-0.0979209335912019,-0.1147689368112012,0.111989717888832,-0.0181479360908269,-0.0007688445039093,-0.0182988345623016
1.486558837890625,-0.0521310231231153,-0.050672220883239,0.0478770189404487,-0.0124723054468631,0.011378631927073,-0.0155311301350593
1.4965849609375,0.0092806732382625,0.0274124874574132,0.0707382545679807,-0.0123194400221109,0.0107408054172992,-0.0076335268095135
1.50661083984375,0.0472991459872573,0.0630526685014367,0.1303863753229379,-0.0140853077173233,0.0031037242151796,0.0028920413460582
1.516637939453125,0.0654306496791541,0.0888906549174338,0.159265848326683,-0.0113523714244365,-0.0087705124169588,0.0153620271012187
1.526663818359375,0.0986790584821254,0.0938195261543616,0.1286374858289957,0.0012202179059386,-0.0195546485483646,0.0288913734257221
1.53668994140625,0.096680943467468,0.121387679097522,0.0885889685571193,0.015853488817811,-0.0365168564021587,0.0446626134216785
1.546716796875,0.0715454792976379,0.127979113251809,0.0696907913416624,0.0303423441946506,-0.032091811299324,0.0510129667818546
1.556742919921875,0.0526445986684411,0.0729003827716223,0.0255360077947378,0.0440962389111518,-0.0212748516350984,0.0545994453132152
1.566768798828125,0.0291514948781579,0.0072359791355207,0.0172737908840179,0.0509952008724212,-0.0291072111576795,0.0523857697844505
1.5767958984375,0.0067025663785636,-0.0054644759509712,0.0486123474776744,0.0496162101626396,-0.033278252929449,0.045227725058794
1.58682177734375,-0.02408880466111,-0.0157325893240049,0.1302560269415378,0.035776250064373,-0.0306204855442047,0.0387776754796505
1.596847900390625,-0.0219800688788294,-0.023012699862197,0.1854787324696779,0.012643770314753,-0.0309227555990219,0.0369888320565223
1.606874755859375,-0.0075474197048693,-0.0352398748811334,0.2216051078617572,-0.0055637494660913,-0.0295050181448459,0.0403191447257995
1.61690087890625,0.0329074864108115,-0.0222045983497053,0.2382289104044437,-0.0150358136743307,-0.0153050431981682,0.0370993837714195
1.6269267578125,0.0122987058851867,-0.0133162306309677,0.1926040543049574,-0.0210895631462335,0.0021439213305711,0.0293331872671842
1.6369541015625,-0.0208138015784323,0.0031766024758107,0.1711643759131431,-0.0200922098010778,0.0074771679937839,0.0233386773616075
1.64697998046875,-0.0416374669637531,0.0051914128969423,0.1899567546665668,-0.0114986328408122,0.0005876352079212,0.0203330982476472
1.657006103515625,0.0360114437755197,-0.007377122905571,0.187986915898323,-0.0005839336663484,-0.0157519225031137,0.0144781377166509
1.66703271484375,0.0786322957534342,0.001776544685848,0.1853787792265415,0.0050564287230372,-0.0368064083158969,0.007276670075953
1.677058837890625,0.1019252007964998,0.0194490342975594,0.1425257259279489,0.0058825411833822,-0.0458108223974704,0.0109848557040095
1.687084716796875,0.1002466000597924,0.0517970967273227,0.0591197129666805,0.0144594199955463,-0.0339781306684017,0.0239641834050416
1.697112060546875,0.0921624431297183,0.0638861967161297,-0.0114367552936077,0.0300932396203279,-0.0080469315871596,0.0268236212432384
1.707137939453125,0.0484494120009243,0.0437318271608091,-0.080832947602868,0.0444358140230178,0.0056295986287295,0.0212502460926771
1.7171640625,0.0186180450998246,0.0605367766903713,-0.0788385589152574,0.0529683157801628,0.0073750345036387,0.0255861394107341
1.72719091796875,0.0670150693263858,0.0679939790948294,-0.0102075057595968,0.0544328652322292,0.0231633186340332,0.0326323509216308
1.737217041015625,0.0821077898442745,0.0740592887494713,0.0766489399164915,0.0413426309823989,0.0313003398478031,0.0355969816446304
1.74724267578125,0.0506487486761063,0.0593662716062739,0.184562786668539,0.0209575593471527,0.0369024351239204,0.0371208228170871
1.75727001953125,0.0264637901641428,0.0137926342373713,0.2542541625320911,0.0060033774934709,0.0379538498818874,0.0312381703406572
1.7672958984375,0.0082555679742246,-0.0029206732196733,0.2802846758455038,-0.00070655439049,0.0390595942735672,0.0220554694533348
1.777322021484375,0.0156089264117181,-0.0216758983004838,0.2231318790376186,0.0016103957314044,0.0397189930081367,0.0055185710079967
1.787348876953125,-0.0253217805221676,-0.0089280969409272,0.2012666687101125,0.0097405351698398,0.0371176153421402,-0.0142906140536069
1.797375,-0.0235009217705577,0.0318977979116141,0.2289987252444028,0.0163941774517297,0.0236534737050533,-0.0204121563583612
1.80740087890625,0.0214262343883514,0.0927772870924323,0.2676402983278036,0.0237516015768051,0.0016729414928704,-0.0184448789805173
1.817427734375,0.0789968912821263,0.1386798276221379,0.2766168009877204,0.0265511162579059,-0.0212941579520702,-0.0069157881662249
1.827453857421875,0.1037240669120103,0.2039153565879911,0.2840770538657903,0.0287754870951175,-0.0375346466898918,0.0055902698077261
1.83747998046875,0.0970421779952943,0.2304614912733435,0.2380535538375377,0.0292061194777488,-0.0360797643661499,0.0155598139390349
1.847505859375,0.0635141485333442,0.2367889772618189,0.1694943968743086,0.0246900543570518,-0.0255526211112737,0.0291179846972227
1.857532958984375,0.0285124663222581,0.1983536308076232,0.1537047070682048,0.0118432296440005,-0.0179644748568534,0.0376310460269451
1.867558837890625,0.0151384593557566,0.1420014463255181,0.1589654040753841,-0.0061788163147866,-0.0106421150267124,0.0324531830847263
1.877584716796875,0.0022905951552093,0.0434289169577881,0.1537210736811161,-0.0215950571000576,-0.0005551259964704,0.024620559066534
1.88761181640625,-0.0207058842245489,-0.013829934040457,0.1218552783429622,-0.035701435059309,0.016776593402028,0.0220131408423185
1.89763818359375,-0.0186763511583209,-0.0232019753566011,0.1187058744013309,-0.0411713011562824,0.0213590934872627,0.019853850826621
1.9076640625,-0.0235812935303896,-0.0504569158984348,0.1072930845052003,-0.0430268980562686,0.0079688522964715,0.0152569646015763
1.91769091796875,-0.0333134368631988,-0.0898480652401223,0.0893681362360715,-0.0358068011701107,0.0058439164422452,0.014161872677505
1.927716796875,-0.0377184668891131,-0.0877921373573131,0.0488064087450504,-0.0236709713935852,0.0035113212652504,0.0109561812132596
1.93774267578125,-0.0700282066024839,-0.0944748847905546,0.0744336019545793,-0.0149062406271696,-0.0136514212936162,0.0111053176224231
1.947769775390625,-0.1029262675978243,-0.08649312878903,0.1340256086081266,-0.0100966431200504,-0.0264593623578548,0.0084093725308775
1.957796142578125,-0.1044026968259364,-0.0867110275897197,0.133980015900731,-0.0084675876423716,-0.0292498208582401,0.0118238106369972
1.967821533203125,-0.1041140160776674,-0.1075214499009773,0.1086298860669136,-0.0067467750050127,-0.0301307272166013,0.0107689164578914
1.9778486328125,-0.1006301925498992,-0.1155775680466555,0.1038952587604522,-0.0030689500272274,-0.0384278073906898,0.0044601541012525
1.98787451171875,-0.0872541397567838,-0.1166868261964991,0.0585334375113248,0.0083425976336002,-0.0386038422584533,-0.0022226346191018
1.997900390625,-0.0783484373107552,-0.1520741832569241,-0.042025954824686,0.027170080691576,-0.0241719055920839,-0.0117559526115655
2.007927490234375,-0.0734112001042813,-0.1281744348945096,-0.0783516521811485,0.0462979264557361,-0.013496090658009,-0.0230743177235126
2.017953369140625,-0.0755877404257655,-0.0916706044921651,-0.078602412071824,0.0586230345070362,-0.0080714980140328,-0.0272757206112146
2.0279794921875,-0.0276230432018637,-0.0106891152640804,-0.012915011152625,0.0682392418384552,-0.0133968219161033,-0.0195716340094804
2.03800634765625,0.0955587345045059,0.067847939953953,0.043503041639924,0.0619653686881065,-0.0038983919657766,-0.0077639771625399
2.048032470703125,0.0930547157943248,0.068114445403032,0.0802694685012102,0.0443113483488559,0.0018836637027561,0.0026782331988215
2.058058349609375,0.0761134448003023,0.0550994079420343,0.1706745465695857,0.0245022233575582,-0.003975823521614,0.0120075531303882
2.06808544921875,0.07812967999354,0.0120187199000269,0.2338537640601396,0.008623250760138,-0.0084035936743021,0.0165244899690151
2.078111328125,0.0596089577883481,-0.0592918181305751,0.2376391278177499,0.0021070283837616,-0.0127083277329802,0.0093752332031726
2.088137451171875,0.0239091372452676,-0.0776245434829965,0.1954161891162395,0.0044707772321999,-0.0265144892036914,-0.0064324499107897
2.098164306640625,0.0130815998911857,-0.0540647311320528,0.1291547877013683,0.0145793370902538,-0.0291124023497104,-0.0168459434062242
2.1081904296875,0.0148647569809108,-0.0381068816848099,0.0327104294687509,0.0248447768390178,-0.0097269201651215,-0.020185774192214
2.11821630859375,0.0440744848523288,0.0405165366424247,-0.0101280107825994,0.0297340732067823,0.0197105966508388,-0.0157271102070808
2.128243408203125,0.043892917740345,0.0946329248964786,0.0129144266307353,0.025339862331748,0.0393898263573646,-0.0097457226365804
2.13826953125,0.0588718756854534,0.1217657368959859,0.1020949313402175,0.0120442975312471,0.0481164716184139,-0.0027032599318772
2.148295654296875,0.1085395043697208,0.1229270357603207,0.2146697556406259,-0.003550277557224,0.0407613515853881,0.0075106155127286
2.158322265625,0.138617831769213,0.0909041136316955,0.2785486458331346,-0.0149395521730184,0.0235128588974475,0.0138481389731168
2.168348388671875,0.1043659450121223,0.0667778995696455,0.2998240735739469,-0.0193507969379425,0.0086881713941693,0.0081673944368958
2.178374267578125,0.0869894974712282,0.0608995821207761,0.2591886963248253,-0.0184871330857276,-0.0084519330412149,0.0092973737046122
2.1884013671875,0.0698198245488107,0.0878400864185765,0.2239601465553045,-0.0077546625398099,-0.0187562350183725,0.0154076991602778
2.198427490234375,0.06074081136249,0.1068939291197806,0.1889613138884305,0.0023986387532204,-0.0172129329293966,0.0207963399589061
2.20845361328125,0.0551250903725624,0.1245711497055366,0.1485363645195961,0.0092744901776313,-0.0225224085152149,0.0273128747940063
2.2184794921875,0.0510972230959683,0.1259529594527557,0.1561146908193826,0.0097554568201303,-0.0217341147363185,0.0329539850354194
2.228506591796875,0.0400555315345525,0.119821178699471,0.1498100377172231,0.0050559407100081,-0.0181082878261804,0.0361100472509861
2.238532470703125,0.0008783902697265,0.0874597087988629,0.188593065097928,-0.0034898766316473,-0.0149202179163694,0.0344626158475875
2.24855859375,0.0037463469214737,0.0868255390811711,0.1944634184360504,-0.0093699879944324,-0.0199665073305368,0.0340707786381244
2.258585205078125,0.0124917442392557,0.0462487236188724,0.1697831506878137,-0.0125631187111139,-0.0226685516536235,0.0337735712528228
2.268611572265625,-0.0065435033593326,0.0403001174127683,0.1672825660437345,-0.0168402045965194,-0.0161410085856914,0.0314946398138999
2.278637451171875,-0.0384045494571328,0.0481704489290714,0.1210340250879526,-0.0136998053640127,-0.0021908394992351,0.026795495301485
2.28866455078125,-0.0600807400185614,0.0448018127461895,0.064260582986474,-0.0141608975827693,0.0116152530536055,0.0237212888896465
2.2986904296875,-0.0509136101573705,0.0399809319283813,0.1055862805873155,-0.0159097947180271,0.0173168145120143,0.0261719301342964
2.308716552734375,-0.0184095169156789,0.0279052942093461,0.1626344479769468,-0.0255547184497118,0.0092491693794727,0.0340618416666984
2.3187431640625,0.0446864062055945,-0.0075115081412717,0.242474877411127,-0.0292956624180078,-0.0123453401029109,0.0469558015465736
2.328769287109375,0.070856181859225,-0.0509624908003956,0.2420399931252002,-0.024035120382905,-0.0454186052083969,0.0520778596401214
2.33879541015625,0.0357793155200779,-0.1079274003533646,0.1586994466155767,-0.0069243097677826,-0.0744459927082061,0.0427112579345703
2.348822509765625,-0.012018427639082,-0.1639924749897792,0.0467009608983993,0.0168449599295854,-0.0818288698792457,0.0270182099193334
2.358848388671875,-0.0709784930646419,-0.1728024254437536,-0.0533832151412963,0.0413289964199066,-0.068965807557106,0.0124525828287005
2.36887451171875,-0.133504507343471,-0.1326739382708445,-0.1172001460134983,0.0588909201323986,-0.053969282656908,-0.0018204528605565
2.3789013671875,-0.163436850401014,-0.1071551008066162,-0.0807183813124895,0.0653136670589447,-0.0488664023578166,-0.0136222513392567
2.388927490234375,-0.1062034626375883,-0.0783114663012325,0.0405944607168436,0.0593349188566207,-0.0533734001219272,-0.0162054579704999
2.39895361328125,-0.0214122789282351,-0.0282614141706377,0.1308195060431957,0.0439477041363716,-0.0437671095132827,-0.0250777788460254
2.40898046875,-0.0246559370245784,-0.0179815007619559,0.1563221960902213,0.012344479560852,-0.0236391406506299,-0.0347167216241359
2.41900634765625,-0.0627259207651019,0.0339796456869691,0.1559656377375125,-0.0260849352926015,0.0044694589450955,-0.0260491967201232
2.429032470703125,-0.0057595864400267,0.1149868904108181,0.1511602832823991,-0.0545551367104053,0.0300684962421655,-0.0109815765172243
2.439059326171875,0.0617513035792857,0.1172329157719388,0.1434872644364833,-0.073786623775959,0.0451750084757804,0.0007232829229906
2.44908544921875,0.0812185859195888,0.0696960520386695,0.1194137304097413,-0.0783807709813118,0.0391498729586601,0.0064837276004254
2.459111328125,0.0958234498552978,-0.0029423370622098,0.085674542415142,-0.0665121302008628,0.0299952588975429,0.0056541529484093
2.469138671875,0.0809466371104121,-0.0513499922806397,0.0691582919001579,-0.044745560735464,0.0193352904170751,-0.0021819614339619
2.47916455078125,0.0640426293868571,-0.0517799081305041,0.0680108754307031,-0.0242256373167037,-0.0006788983009755,-0.0058275628834962
2.4891904296875,0.0761880444064736,-0.0489308753749355,0.0841015940099954,0.000131756067276,-0.023034868761897,-0.0027643805369734
2.49921728515625,0.1096965654503554,-0.0327776129534468,0.0896335091739893,0.0241880901157856,-0.0399081259965896,0.0072174137458205
2.509243408203125,0.1054653576213866,0.0023695786755532,0.0704769732832908,0.0457358211278915,-0.0389851443469524,0.0150736663490533
2.519269287109375,0.0697896486062556,0.0437905168117955,0.05222001658082,0.0586462914943695,-0.0279287602752447,0.0248498637229204
2.529296630859375,0.0678333269067108,0.0618278394142165,0.0810071351259946,0.0604120641946792,-0.018039645627141,0.035076517611742
2.539322509765625,0.0680577833123505,0.0316229630256071,0.139506085845828,0.0495751351118087,-0.0122944079339504,0.0326280072331428
2.5493486328125,0.0630787527907639,0.0040367812354117,0.254642285066843,0.0284568462520837,-0.0109214149415493,0.0275004189461469
2.559375244140625,0.0478427513446658,-0.0422292223118245,0.282785260489583,0.0025152610614895,-0.0095051452517509,0.0160458963364362
2.5694013671875,0.0433686746705323,-0.096945037763752,0.2615238612741232,-0.022633858025074,-0.0002760263159871,0.0043249973095953
2.57942724609375,0.0533964399490505,-0.0884773248761892,0.2095937675505876,-0.0375070795416832,0.0102152302861213,-0.0022524779196828
2.58945458984375,0.0463172222778201,-0.0618466902451589,0.1669236696034669,-0.0471265912055969,0.0210608206689357,-0.0047651822678744
2.59948046875,0.0205675717324018,-0.0359441506929695,0.1531687004953622,-0.0464267134666442,0.0156242437660694,-0.0072959843091666
2.609506591796875,0.0287330502703785,-0.0241075458941981,0.1348041917651891,-0.0358672589063644,-0.0033829393796622,-0.0098802698776125
2.619532470703125,0.0638493718370795,0.0044864246990531,0.1158148291349411,-0.0193862896412611,-0.0157543886452913,-0.0028921356424689
2.6295595703125,0.1059051372781395,0.0521245933823287,0.0530149663507938,0.003579267533496,-0.0139440353959798,0.0122716194018721
2.63958544921875,0.1004440953932702,0.0900938566947355,-0.0159679689824581,0.0321720279753208,-0.0070400568656623,0.0259232502430677
2.649611572265625,0.0489173217736184,0.103247097050026,-0.0508738626688718,0.0569499060511589,-0.003060030285269,0.0301155243068933
2.659638427734375,0.0056087067272514,0.0939057066004723,-0.0419926370769739,0.0732282176613807,-0.0037726922892034,0.0258707106113433
2.66966455078125,-0.0122318511940538,0.0763339191505685,0.0281967514365911,0.0786393955349922,-0.0029690815135836,0.0202383939176797
2.6796904296875,-0.0041359307609498,0.0572111393989995,0.1182908638596534,0.0680083259940147,-0.0051251770928502,0.0170471277087926
2.689717529296875,0.0100103026870638,0.0480244645871222,0.2054384014368057,0.0462603941559791,-0.0051450836472213,0.0182557739317417
2.699743408203125,0.0381965327296406,0.0529648801313713,0.2670996155798435,0.0182239692658185,-0.0004752306267619,0.0235940795391798
2.709769287109375,0.029942060733959,0.0518725913826376,0.2845931866943836,-0.0114306285977363,-0.0014721215702593,0.0231895316392183
2.71979638671875,0.0012245002936571,0.0593029605790972,0.2999485767364502,-0.0359434261918067,0.0007644011639058,0.0222648829221725
2.729822509765625,-0.0209470725692808,0.0219826626947149,0.2815788073092699,-0.0474628955125808,0.0067437998950481,0.0192667096853256
2.739848388671875,-0.0246999953620135,-0.0219631177440285,0.2512625795006752,-0.0497793182730674,-0.0007359543815255,0.0124868350103497
2.74987548828125,-0.0310574015647172,-0.0416898912707343,0.2150076092928647,-0.043107733130455,-0.0117633044719696,0.0028423171024769
2.7599013671875,-0.0359592021316289,-0.0445358918190002,0.1637906322747468,-0.0244917050004005,-0.0244913510978221,-0.0031125110108405
2.76992724609375,-0.0210338740698993,-0.0100575393622741,0.0692003774762153,-0.0031340783461928,-0.0239539258182048,-0.0015616969903931
2.77995458984375,-0.0247889888197183,0.0376750296061858,-0.0363438175350427,0.0229182951152324,-0.0133814439177513,0.004115629941225
2.789980712890625,-0.0432773431252688,0.0771693835940212,-0.1470440801352262,0.0443500839173793,0.0136999748647212,0.0078837368637323
2.800006591796875,-0.0318234905663877,0.0888247866069898,-0.1401508134901523,0.0523108057677745,0.0258043091744184,0.0084259556606411
2.810033447265625,-0.0226494195077568,0.0900006619859486,-0.0091547818362712,0.0445077456533908,0.0286291241645813,0.0097844349220395
2.820059326171875,0.0034302667096257,0.0553433727657422,0.1601777024745941,0.0293192025274038,0.0238641966134309,0.0106299882754683
2.830085205078125,0.032336846916005,-0.0138199606357142,0.2750450216263532,0.0049860929138958,0.014504449442029,0.0087237423285841
2.8401123046875,0.0139013918414711,-0.0432414680942893,0.3116302467018366,-0.0151292961090803,0.000984912039712,0.0045013003982603
2.850138671875,0.0160777129672467,-0.0486696306228637,0.3034744127750396,-0.0283855125308036,-0.000723703764379,-0.0004932921146973
2.86016455078125,-0.0001400660578161,-0.0315406185043975,0.2495820790678262,-0.0314915552735328,0.0046047489158809,-0.0031564531382173
2.870191650390625,-0.0154801124002784,-0.0350688291631638,0.2097773074239492,-0.028257630765438,0.0042272456921637,-0.0081255845725536
2.880217529296875,-0.0068161828208714,-0.0696717578476294,0.1817208412408828,-0.0157258622348308,-0.0071425880305469,-0.0166588872671127
2.890243408203125,0.0210001909960061,-0.0581200709374621,0.1557698229044676,-0.0003211535513401,-0.0146808661520481,-0.0162054263055324
2.900270263671875,0.0326600144557654,-0.0322182255050167,0.0820090056449174,0.0185135193169116,-0.0113255493342876,-0.0136200301349163
2.910296630859375,0.0354378816712647,0.0124080114785581,0.0332142873376607,0.0325385257601738,-0.0090970173478126,-0.0069421539083123
2.920322509765625,0.0374985405281186,0.0568897254249081,0.0180295776873826,0.0425794422626495,-0.0089710503816604,-0.0018089112127199
2.930349609375,0.0519729830171912,0.057157253787294,0.0006324526846408,0.045128621160984,0.0013620152603834,0.0078338626772165
2.94037548828125,0.0596565232571214,0.0542248535972088,0.0524947418689727,0.0403397232294082,0.0196573995053768,0.0133447414264082
2.9504013671875,0.007192395722121,0.0575008430605754,0.1272387249469757,0.0251923631876707,0.0240327045321464,0.0137888407334685
2.960428466796875,0.002108224325627,0.0530717015067115,0.2021732621610164,0.004634091630578,0.0173447094857692,0.0135113392025232
2.970455078125,0.0155029818192124,0.0329221359906718,0.2654448341101408,-0.0115286279469728,0.0090791247785091,0.0159190259873867
2.98048095703125,0.0235454915646463,0.014654804024659,0.2958773817747831,-0.0223591718822717,-0.0107521042227745,0.0170636530965566
2.990508056640625,0.0258815332967787,0.0111720034101977,0.2477589552938938,-0.0175132881850004,-0.0271031837910413,0.0127339623868465
3.0005341796875,-0.0131684013918042,0.0127788906175643,0.1808247691839933,-0.0081320377066731,-0.0281186457723379,0.0089093968272209
3.010560302734375,-0.0568709111265838,0.0519523786205798,0.1026689318358898,0.0038540563546121,-0.0188877955079078,0.0085439337417483
3.020587158203125,-0.0516738539401441,0.086893782011792,0.0338864875108003,0.0121428780257701,0.0020561025012284,0.0152140874415636
3.03061328125,-0.0384931045234203,0.1132551712473854,0.0212257433801889,0.0157388020306825,0.0222638361155986,0.0205537397414445
3.04063916015625,0.0012998305521905,0.1007137061148881,0.0943792423963546,0.0094444211572408,0.0168019589036703,0.0230006519705057
3.050666015625,0.0202215347737073,0.0780183285735547,0.2214601464331149,-0.0011872584000229,-0.0056520174257457,0.0260737184435129
3.06069189453125,0.0741791888020932,0.046610067744553,0.2799813089847564,-0.0087370537221431,-0.028008721768856,0.0316802039742469
3.07071826171875,0.0967361807860434,0.0350892143640667,0.2517395493626594,-0.0112927705049514,-0.0390298143029212,0.0396407507359981
3.0807451171875,0.0587697304852306,0.017045790814422,0.15475801551342,-0.0046178242191672,-0.0389619059860706,0.0426157675683498
3.090771240234375,-0.0033402503386139,-0.0031146979544311,0.0695645346134901,0.0078985746949911,-0.0395621173083782,0.041378416121006
3.100797119140625,-0.0157902743279933,0.0105935459351167,0.0023322423398494,0.0147343762218952,-0.0288165267556905,0.0455782227218151
3.110823974609375,0.007403481189534,-0.0012891995603218,-0.0192032976418733,0.016435096040368,-0.0259608849883079,0.0490106642246246
3.120849853515625,-0.0707283907610923,-0.0666685939762741,0.0056412207573652,0.017535513266921,-0.0306179542094469,0.0458279214799404
3.1308759765625,-0.0517443618930876,-0.0923395532622933,0.040254268977046,0.0228775981813669,-0.0449794493615627,0.0458021499216556
3.140902099609375,-0.0230468943927437,-0.0911911504121497,0.0623760844141244,0.0265447702258825,-0.0403127931058406,0.0387873835861682
3.15092919921875,-0.0602290624480694,-0.1277435691965743,0.0250847568958997,0.0257904902100563,-0.0168096628040075,0.0260543227195739
3.160955078125,-0.1169306814223527,-0.1253573681797832,0.0321487039327621,0.0203387327492237,0.0077811665832996,0.0178270190954208
3.170982177734375,-0.1374889738697558,-0.1067874730706214,0.0468909305125474,0.0161884631961584,0.0254062339663505,0.0073610614053905
3.181008056640625,-0.1092320166785269,-0.1108272499807178,0.0791144532471895,0.0160012431442737,0.0317070037126541,-0.0021834417711943
3.191033935546875,-0.0824088916826993,-0.0851144243143498,0.1500958689212799,0.0169752836227417,0.0292144864797592,-0.0130805494263768
3.201060302734375,-0.0530070022400468,-0.0784342889633029,0.1848112084716558,0.0169795453548431,0.0206670723855495,-0.0233560893684625
3.211087158203125,-0.0175309074502438,-0.0768292283868417,0.2131196035891771,0.0187329649925231,0.0021082330495119,-0.0321969091892242
3.221113037109375,0.0132191086657345,-0.0501947943635284,0.2281213578879833,0.0224155839532613,-0.0070397253148257,-0.0330890677869319
3.231138916015625,0.0641539808068424,-0.0064987143695354,0.2029448310554027,0.0293352305889129,-0.0086808297783136,-0.0348879024386405
3.241166015625,0.0830002817045897,0.0331273397065699,0.1547200215905904,0.0335456877946853,-0.0033739493228495,-0.0383561365306377
3.25119189453125,0.0594712298180907,0.0720996060490608,0.1424514916479587,0.0276910886168479,0.0003876979462802,-0.0356070287525653
3.261218017578125,0.0699185356829315,0.0903845467370003,0.185500944301486,0.0153135154396295,0.009831266477704,-0.0297784358263015
3.271245361328125,0.1039157170265912,0.0439798288388177,0.1984475196361541,0.0033814469352364,0.0178891941905021,-0.0224661324173212
3.28127099609375,0.0858612240936607,0.0134028312021866,0.2225537868887186,-0.0069297803565859,0.0186007916927337,-0.0225492231547832
3.291296875,0.0539092117767781,0.0010683598838746,0.2320101820200681,-0.0116028562188148,0.015760263428092,-0.0264788083732128
3.301323974609375,0.0300696326363831,-0.01246755964607,0.1747393117904663,-0.0088835023343563,0.0197744462639093,-0.0314874164760112
3.311349853515625,0.0422908163059502,-0.019978117939271,0.1275268942385911,-0.0006224811077117,0.0272794310003519,-0.0347026921808719
3.3213759765625,0.0342111894205212,-0.0057290086386725,0.1120452474683523,0.004711830522865,0.0260485187172889,-0.0390745364129543
3.3314033203125,0.0336028482638299,0.0062988444158807,0.1280856971651315,0.0070785423740744,0.0185234937816858,-0.0383330583572387
3.34142919921875,0.0336225758776068,0.0244566150601953,0.1533352892339229,0.0057400376535952,0.0116240419447422,-0.0296559445559978
3.351455078125,0.017354235709086,0.034231574621424,0.1849444794625043,0.0038714408874511,-0.0032176882959902,-0.0269243568181991
3.36148193359375,0.0307526464644819,0.0365630497762933,0.1845703854531049,0.0002490093465894,-0.0151204206049442,-0.02769560739398
3.3715078125,0.0660856795217841,0.0215998008569702,0.1425537829786539,-0.0002614203840494,-0.0111919911578297,-0.0274763107299804
3.381533935546875,0.0513317625042051,0.0445838591465726,0.0718909317344427,0.0029982889536768,0.0040223821997642,-0.027555139735341
3.39156103515625,0.0314857830446213,0.0968679174069315,0.0175087686836719,0.0045978324487805,0.0185314156115055,-0.0259281545877456
3.401587158203125,0.0380051748760044,0.1500010302446782,-0.0041483518511056,0.0044657397083938,0.0284250602126121,-0.0165969710797071
3.411613037109375,0.0857660931561142,0.1715973239703103,0.0142278473168611,0.0026876607444137,0.037059623748064,-0.0029347918462008
3.42164013671875,0.1211056290194392,0.159733356240578,0.0341682270616292,0.0027249450795352,0.0434552058577537,0.0107210995629429
3.431666015625,0.1234776919130235,0.1120803187817335,0.0605330868959426,0.0060772425495088,0.0367771983146667,0.0164777878671884
3.441692138671875,0.1127374675162136,0.088844989144802,0.1092278519600629,0.012231808155775,0.0202299151569604,0.0194794367998838
3.451718994140625,0.0800835174750536,0.0657748234743252,0.1412958918720483,0.0142736248672008,0.0022048400714993,0.0194577742367982
3.4617451171875,0.0587318096276372,0.0428352984461933,0.1746995643019676,0.0127553567290306,-0.0156117072328925,0.0204535312950611
3.47177099609375,0.0570897415090352,0.0698039693925529,0.1911100163549184,0.0020826689433306,-0.0246091969311237,0.0266972817480564
3.481798095703125,0.0764925803110003,0.1054604622505605,0.1670078407555818,-0.0087990071624517,-0.0169158559292554,0.0380846932530403
3.491823974609375,0.0630283377777785,0.0988624887576326,0.0935632498383522,-0.0195414051413536,0.0059803361073136,0.0424611382186412
3.50185009765625,0.0233611479736864,0.0561992224100977,0.0728530547648668,-0.0254421681165695,0.0235465466976165,0.043104026466608
3.511876953125,-0.0202339558638632,-0.0007684270892292,0.0927583631962537,-0.0204596575349569,0.0231647174805402,0.0384207852184772
3.521903076171875,0.0051698769185692,-0.062642443732731,0.1294815354377031,-0.0124789644032716,0.0090220011770725,0.0362974479794502
3.531928955078125,0.0125146867234259,-0.0920431641316041,0.1528624110251665,0.0005028846208006,-0.007491395343095,0.0365658216178417
3.5419560546875,0.0201824448723345,-0.0857192218070849,0.1494382817953825,0.0136527754366397,-0.0167429503053426,0.037478219717741
3.55198193359375,-0.0043661593202501,-0.0776129626430571,0.111646603539586,0.0273736901581287,-0.0181730687618255,0.035466406494379
3.562008056640625,-0.0153743870034813,-0.0786412462448701,0.0765010558784008,0.0400902852416038,-0.0193754862993955,0.0318897776305675
3.572034912109375,-0.0151825176931917,-0.0865034309873357,0.0425017556428909,0.0489780455827713,-0.0200008656829595,0.0231589525938034
3.582061279296875,-0.0172157040212303,-0.0796018349053338,0.0411228685051202,0.0487538054585456,-0.0128060691058635,0.0181578025221824
3.592087158203125,-0.0120013303738087,-0.0899077595381066,0.0522404748469591,0.0418553985655307,-0.004108918365091,0.010689603164792
3.602114013671875,-0.0104871994838118,-0.0805957413135096,0.100876203200221,0.0288114994764328,0.0053311889059841,0.0041150576435029
3.612139892578125,-0.0217073163520544,-0.0791153665626421,0.126350251674652,0.0098311174660921,0.0215098895132541,-0.0037615867331624
3.622166015625,0.0006670856066048,-0.0647930824279785,0.1280874507308006,-0.0084711909294128,0.0363937616348266,-0.0091622108593583
3.63219287109375,0.005006576115638,-0.0377075071036815,0.1691927835792303,-0.0225224290043115,0.0425856187939643,-0.0122843049466609
3.64221923828125,-0.0092108228724449,0.0014836261538788,0.2049532482683658,-0.0341455265879631,0.0334762744605541,-0.0107476618140935
3.6522451171875,0.0047368192635476,0.0366082406248897,0.252284908285737,-0.0384013801813125,0.0130749978125095,-0.0079487701877951
3.662272216796875,0.0244685246936976,0.0542562351161614,0.2443728199869394,-0.0344814732670784,-0.0062470356933772,0.0016218314412981
3.672298095703125,0.0170982151214033,0.0698422921089455,0.1643336531102657,-0.0167853236198425,-0.0121426749974489,0.0084654605016112
3.68232421875,0.0107834059514105,0.0710250721527263,0.0563642767786979,0.0068640792742371,-0.0096656680107116,0.0076606534421443
3.692350830078125,-0.0227555832959711,0.0687672467559576,-0.045517304071784,0.0314862430095672,0.0007932325825095,0.0030174327548593
3.702376953125,-0.0720895961116999,0.0768824198788031,-0.0638864889770746,0.0518402531743049,0.0145370084792375,-0.0035264864563941
3.712403076171875,-0.0773821495618671,0.0717397962933406,-0.0029097499668598,0.0531295835971832,0.0187604464590549,-0.0082038715481758
3.72243017578125,-0.0525751866940408,0.0660930225780233,0.1303571492284536,0.0409914292395114,0.0143574438989162,-0.0115024633705616
3.7324560546875,-0.0277962078116834,0.0622836203576996,0.2756196066439151,0.0141417775303125,0.0052995672449469,-0.0092036658897995
3.742482177734375,0.0110538203906267,0.0461077077129855,0.3348813584297895,-0.0156014692038297,-0.0040449323132634,-0.0072851255536079
3.752509033203125,0.0098502898197621,0.0330246465170755,0.3509527877867222,-0.0419271327555179,-0.0085950763896107,-0.0095206424593925
3.76253515625,0.0132518418915569,0.0208084678161889,0.3166676563471555,-0.0567891709506511,-0.007080003619194,-0.0146970283240079
3.772560791015625,0.0245440010827034,0.0308384615844115,0.180316235139966,-0.0590631961822509,0.0130490995943546,-0.003446445101872
3.782587158203125,0.0272226457074284,0.0675817998310551,0.0596235708355903,-0.0462158396840095,0.0244476944208145,-0.0037867971695959
3.792614013671875,-0.0076195350930094,0.0808431036707013,0.0509679706931114,-0.0274754185229539,0.0168136097490787,-0.0037617934867739
3.80264013671875,0.0444213985938578,0.098621044684574,0.0723433516770601,-0.0077248839661479,-0.0009187813848257,0.005051405634731
3.812666015625,0.0779617760807275,0.092300974817574,0.0984784944087266,0.0087165739387273,-0.0089474134147167,0.0128490235656499
3.822693115234375,0.0629539573673158,0.0910523995285853,0.077985156956315,0.0230590272694826,-0.010343974456191,0.0213884487748146
3.832718994140625,0.0558145339414477,0.0997714568287134,0.081379475569725,0.027792727574706,-0.0109429191797971,0.0250068567693233
3.842745361328125,0.0470742511902004,0.0833922036316245,0.1266717387139797,0.020290870219469,-0.0147371236234903,0.0278034415096044
3.85277197265625,0.0532002597898244,0.0163944507662206,0.2102595379829406,0.0017116616945713,-0.0261602234095335,0.0296988431364297
3.862798095703125,0.0647123453419655,-0.0248122235648334,0.2600292388021946,-0.0191006753593683,-0.0318846851587295,0.0329476371407508
3.872823974609375,0.0563989097006618,-0.0698199706792831,0.243101484876871,-0.0356241092085838,-0.0368907675147056,0.0265418421477079
3.88285107421875,0.0276321032911539,-0.0848020338969305,0.2270832470118999,-0.0474008731544017,-0.0421065613627433,0.0237697586417198
3.892876953125,0.0454079984784126,-0.0350395665360614,0.1843985360175371,-0.0460608229041099,-0.0462234131991863,0.0343379192054271
3.902903076171875,0.133099360608682,0.0307623641408979,0.0809364079773426,-0.0323892161250114,-0.0393684357404708,0.0422584265470504
3.91293017578125,0.0947908919371664,-0.026968451750651,-0.0262251591026782,-0.0117732789367437,-0.0236844811588525,0.0417758487164974
3.922956298828125,0.0246978034049272,-0.0466276034012436,-0.0844295107901096,0.0076789823360741,-0.0133902989327907,0.0381132066249847
3.932982177734375,0.0139759914476424,-0.0051481034781783,-0.0466962847232818,0.0204463675618171,-0.0051707862876355,0.0418880134820938
3.943009033203125,0.0387743326175957,-0.0091106139009818,0.0423795905679464,0.0222298875451087,-0.0039720968343317,0.0440204069018363
3.953034912109375,0.0451366341911256,-0.016847528295964,0.1457709914594888,0.0188030302524566,-0.0138162057846784,0.0455630309879779
3.96306103515625,0.0454049297384917,-0.0157488828716799,0.1769651711463928,0.013599214144051,-0.0255064163357019,0.0488664135336875
3.973087646484375,0.0605032762795686,-0.0377633289441466,0.1708446424394845,0.0125804618000984,-0.0278414096683263,0.0498920679092407
3.98562060546875,0.0418023752018809,-0.0598434606639668,0.142135849827528,0.0066261659376323,-0.0149905923753976,0.0453207530081272
3.99564697265625,0.0052284752380102,-0.0510874688869342,0.119423667281866,0.0029504410922527,-0.0070607648231089,0.0418372526764869
4.005673583984375,-0.0372161433901637,-0.0436908192969858,0.0900800838977098,0.0018745239358395,0.0060699507594108,0.038191121071577
4.01569970703125,-0.017818638350442,-0.0658505555916577,0.0796697490423917,0.0008444131817668,0.0054182750172913,0.0297435708343982
4.0257255859375,0.0053038054965436,-0.09967742186971,0.1170370644062757,-0.0049608945846557,-0.0170647986233234,0.0263518616557121
4.035752685546875,0.0123499246157705,-0.0864937863761559,0.1641904452472925,-0.005828128196299,-0.0137201296165585,0.0265263244509696
4.045778564453125,0.0081614599499851,-0.0621573270969092,0.108809918808937,-0.0035197003744542,0.0046655354090034,0.0220333058387041
4.055804931640625,-0.0107875706698745,-0.0296344195568934,0.0739122084289789,-0.0027507753111422,0.0170186068862676,0.0128052132204175
4.065831787109375,-0.0234879161585122,-0.005767988942191,0.0784124424576759,0.0014458338264375,0.0192106552422046,0.0097644161432981
4.07585791015625,0.0258097101695835,0.0042868104737251,0.1017600002974271,0.0054450812749564,0.021382063627243,0.0111998915672302
4.0858837890625,0.0857654355689883,-0.0029124168479815,0.1246124680966138,0.0087436726316809,0.0111147798597812,0.014701415784657
4.09591064453125,0.0965124550327658,0.0116387076064944,0.1690267793625593,0.00633832719177,-0.0055394317023456,0.0151320174336433
4.1059365234375,0.0774400902941822,0.0376271718764677,0.2105120514392852,0.0056810588575899,-0.0110854655504226,0.022409638389945
4.115962646484375,0.0800724115591496,0.0405205917630344,0.2009323221892118,0.0089309141039848,-0.0169228482991457,0.0253926441073417
4.12598974609375,0.0867935365077108,0.0570789643866941,0.152094933784008,0.0097250696271657,-0.020893620327115,0.0287785865366458
4.136015869140625,0.0838926274344325,0.0641908056858927,0.1123766713798046,0.0111330822110176,-0.0163223054260015,0.032434307038784
4.146041748046875,0.0700520989347249,0.0645540495077148,0.104300332430005,0.0108704939484596,-0.0051641925238072,0.0370133444666862
4.15606884765625,0.06738251439929,0.0251178919805213,0.0870306331992149,0.0105620753020048,-0.0009470107033848,0.0349833257496356
4.1660947265625,0.0256551041297614,-0.02608783299122,0.1031149220377206,0.0120142977684736,-0.0082805566489696,0.0278708208352327
4.176120849609375,-0.0145613170549273,-0.0659458326596766,0.1246300037533044,0.0162745751440525,-0.0215259250253438,0.0259959269315004
4.186147705078125,-0.0405704953193664,-0.0581646772641688,0.1014659857869148,0.0228150337934494,-0.0229027792811393,0.0257338713854551
4.196173828125,-0.0324419877909123,-0.0018917320307344,0.0546785156488418,0.0264934673905372,-0.0132831074297428,0.0216282960027456
4.20619970703125,-0.0628550270374864,0.0041337022712454,0.0418166959881782,0.0233200415968894,0.0005240514874458,0.0174766946583986
4.216226806640625,-0.0884419613018631,-0.0029609321648254,0.0450736519575119,0.0229366011917591,0.0115816984325647,0.014312844723463
4.226252685546875,-0.076845631532371,-0.0341570846131071,0.0817792885422706,0.0207394938915967,0.0144738908857107,0.0084198024123907
4.23627880859375,-0.0745971950184553,-0.0703785178774967,0.1563192734807729,0.0179520808160305,0.0065117045305669,-0.0019416710129007
4.2463056640625,-0.1067106815073639,-0.0934368104470893,0.1948661540180444,0.0132417492568492,-0.0050464146770536,-0.0137128429487347
4.256331787109375,-0.1229130437675863,-0.1041375430837273,0.2390028173863887,0.007861265912652,-0.0189766101539134,-0.022806592285633
4.266357666015625,-0.1166503301110118,-0.070745634156838,0.2271323468506336,0.0010196049697697,-0.0217122100293636,-0.0260212924331426
4.276384765625,-0.0703371994864195,-0.0400371921602636,0.2022527571380138,-0.0020699980668723,-0.0207257755100727,-0.0256878957152366
4.28641064453125,-0.0380373966451734,-0.0024964199256151,0.1688876631528139,-0.0018715928308665,-0.0107157509773969,-0.0162139665335416
4.296436767578125,-0.0550707298368215,0.0246333233339712,0.1104179385274648,0.0054979766719043,-0.0123277632519602,-0.0068135098554193
4.3064638671875,-0.02687938522771,0.0441605191679671,0.1462327637523412,0.0196992829442024,-0.0329241193830966,-0.0030398105736821
4.316489990234375,0.0532544741950929,0.072328775162436,0.1197679506748914,0.0316849052906036,-0.0351880714297294,-0.0055141220800578
4.326515869140625,0.0480480646584182,0.0440456606166437,0.0607101970285177,0.0395241901278495,-0.0167467482388019,-0.0042043793946504
4.336542724609375,0.031105478490144,0.050224787642993,0.0283463890403509,0.0384971052408218,0.011647343635559,-0.0023368536494672
4.346568603515625,0.0439760659791529,0.0671129036776721,0.0657522828489542,0.0327388197183609,0.0215883906930685,0.0022152876481413
4.3565947265625,0.0819146784249693,0.0719043392052874,0.1598866105735301,0.0212628245353698,0.0085804481059312,0.0078157661482691
4.366621826171875,0.0984925959993153,0.0611444967925548,0.2829413278341293,0.0082490220665931,-0.0168458148837089,0.0090304343029856
4.37664794921875,0.0998544589370489,0.0426894237020984,0.3212900554507971,0.0002097820397466,-0.0337525606155395,0.0093578733503818
4.386673828125,0.0737534376706928,0.0086356168003752,0.2518523620873689,0.0017339091282337,-0.0320353545248508,0.0084124505519866
4.396700927734375,0.049139001700282,0.0189700734078884,0.1294867961347103,0.0060470756143331,-0.0232521146535873,0.0096052782610058
4.406726806640625,0.040811902859807,0.0416663642646744,0.0498486112743616,0.0106855034828186,-0.0105786649510264,0.0123121151700615
4.416752685546875,0.0186024091392755,0.0496209034657105,0.0479296259105205,0.0133846569806337,-0.0077623752877116,0.0121482741087675
4.426779541015625,0.0409989498645067,0.0515188460415229,0.0557177955687046,0.0120160579681396,-0.0104585597291588,0.0105061698704957
4.436805908203125,0.0614517361108213,0.0385951766584068,0.0934668037265539,0.0041484297253191,-0.0049930862151086,0.0078620919957757
4.446831787109375,0.0484711854413151,0.0360245955180376,0.111754740089178,-0.0052506644278764,0.0101933237165212,0.0098277712240815
4.45685888671875,0.0412062359396368,0.0394675390461459,0.1263321314960718,-0.0161655619740486,0.0231077894568443,0.010591865517199
4.466884765625,0.0423372857961803,0.0523023245694115,0.1519265914797782,-0.0251116529107093,0.0217301361262798,0.0108083803206682
4.476910888671875,0.0487906266540288,0.0387229312239214,0.1795879208654165,-0.0329461097717285,0.0105328764766454,0.0114199267700314
4.4869375,0.0854195447407662,0.0237626049140468,0.2016208889752626,-0.0331823304295539,0.000616330653429,0.0109147243201732
4.496963623046875,0.1051364909932017,0.0325239669859409,0.1829337241619825,-0.0346313863992691,0.0038845597300678,0.0149772930890321
4.50698974609375,0.1084674620468169,0.0408181864701211,0.1338835697889328,-0.0311527661979198,0.0047404994256794,0.0227992627769708
4.517016845703125,0.1049947444349527,0.0639391324797645,0.1102642092704773,-0.0244232900440692,0.0079315695911645,0.0396875888109207
4.527042724609375,0.0994095647137612,0.0794550468457862,0.0749082337290048,-0.0100171864032745,-5.63161447644e-05,0.049085084348917
4.53706884765625,0.068076341882348,0.0420475821346044,0.1146259116113185,0.0091924853622913,-0.0194335430860519,0.0482844375073909
4.547095703125,0.0294140913370996,-0.027732312262617,0.114335988754034,0.0213133301585912,-0.0289069414138793,0.0415301285684108
4.557121826171875,-0.0181307730395346,-0.078718841525726,0.1077238771378994,0.0294869318604469,-0.0191779471933841,0.0406509451568126
4.56714794921875,-0.0198487559385597,-0.0691153295412659,0.0897509980738163,0.0344500020146369,-0.0285240449011325,0.0387348011136055
4.577174072265625,-0.076740271461755,-0.079511818534322,0.1168038401722908,0.0393576547503471,-0.0468812808394432,0.0308296997100114
4.58720068359375,-0.032529885270074,-0.0674373863916844,0.1327893448114395,0.0416082926094532,-0.0548635721206665,0.0273010116070508
4.597226806640625,0.0012855828311294,-0.0767689495669677,0.1213940905719995,0.0386058390140533,-0.0442531406879425,0.0279389824718236
4.607252685546875,-0.0211344849001616,-0.0806063723053783,0.0593342325001955,0.0336313173174858,-0.0150430556386709,0.0276114121079444
4.61727978515625,-0.048744230229035,-0.0772730996968224,0.0232803378224372,0.0280537381768226,0.0093712713569402,0.0210110209882259
4.6273056640625,-0.0574278874222189,-0.0491474772676825,0.0171954649507999,0.022274412214756,0.0242799129337072,0.012676659040153
4.637331787109375,-0.0548202622070908,-0.0254136965893208,0.0514893642187118,0.0107268271967768,0.0286819860339164,0.0052593983709812
4.647358642578125,-0.0716818920936435,-0.0483819727879017,0.1231049861431121,-0.001117315609008,0.0294990465044975,-0.0021604346111416
4.657384521484375,-0.0628600685387849,-0.081070701881498,0.173331783080101,-0.0068062585778534,0.0231804978102445,-0.0105376280844211
4.66741064453125,-0.0602579232163727,-0.0931524405477568,0.1935971569955349,-0.0076451539061963,0.0177660249173641,-0.0176360178738832
4.677437744140625,-0.0555611437022686,-0.0831586506040766,0.211131644642353,-0.0055886199697852,0.0157334972172975,-0.025409311056137
4.687463623046875,-0.0499076479852199,-0.066972837619856,0.2065852333843708,8.79080034792e-05,0.0038773708511143,-0.0306781101971864
4.697489501953125,-0.0114194388326257,-0.0207164786837995,0.199971368202567,0.0051205018535256,-0.0051751160062849,-0.03172342851758
4.707516845703125,0.0338549233287572,0.011235497100465,0.1624409712314605,0.0092614507302641,-0.0125456806272268,-0.0306722745299339
4.71754296875,0.0630876667495816,0.0339134851155802,0.0963859060436487,0.0183742232620716,-0.0203998778015375,-0.0231262873858213
4.72756884765625,0.0733409113470464,0.0490436515670269,0.0410439580500125,0.0236206501722335,-0.0166573375463485,-0.0150760831311345
4.737595703125,0.0563086010687053,0.0700571039034053,-0.0259463421612977,0.0334643647074699,-0.0076512526720762,-0.0136346649378538
4.74762158203125,0.0203483760237693,0.0823827343281358,-0.054545829179883,0.0335037782788276,0.0044112689793109,-0.0136783402413129
4.7576474609375,0.0258528186589479,0.1097299562633037,-0.0270399826169013,0.0258804094046354,0.0218714866787195,-0.0063874335028231
4.7676748046875,0.0460257650505751,0.1507154255917295,0.026266660156846,0.009520610794425,0.0371990427374839,0.0105691794306039
4.77770068359375,0.0629258272513747,0.1662446378307417,0.1366062727510929,-0.005875876173377,0.0433768443763256,0.022305330261588
4.787726806640625,0.0465391944654285,0.1332536378549411,0.1863905866175889,-0.0165908373892307,0.0335878618061542,0.0290505848824977
4.79775390625,0.0448742569278925,0.0894631210431456,0.2426771219849586,-0.0155445281416177,0.0229031946510076,0.0311386343091726
4.80777978515625,0.028313875010237,0.0465789054213091,0.2254226203233003,-0.0070189503021538,0.0194637216627597,0.0245321318507194
4.8178056640625,-0.0297276142656803,0.0105518987504765,0.1922007342010736,-0.0003535165451467,0.0062651629559695,0.0112900538370013
4.827832763671875,-0.0550557514633983,0.008371778232418,0.2087567322045564,0.0034060678444802,-0.0155527833849191,0.0140032824128866
4.837858642578125,0.0202973764888942,0.0357952437415719,0.2591185536980628,0.0020011230371892,-0.0280118528753519,0.0240381322801113
4.847884765625,0.063785074429214,0.0315412030262872,0.2562871296644211,-0.0007786843925714,-0.0375006981194019,0.0243340097367763
4.857911865234375,0.0394886183667927,0.0073600073739886,0.2212275067210197,-0.0078720450401306,-0.043347667902708,0.0274833813309669
4.867937744140625,0.0067084846626967,0.0180184717714786,0.1781447363197803,-0.0118995429947972,-0.0312081798911094,0.0222065951675176
4.877963623046875,-0.0113964963484555,-0.0221698923625051,0.1179611935138702,-0.0102275796234607,-0.0196151714771986,0.014392695389688
4.88799072265625,-0.0238950356546789,-0.0563415900228545,0.0713759679496288,-0.0122760832309722,-0.0028681498952209,0.0030281883664429
4.8980166015625,-0.0398925229925662,-0.0611971402952447,0.0654950932174921,-0.0178660582751035,0.0096620228141546,-0.0019268891774117
4.908042724609375,-0.009482917812094,-0.0416807215835899,0.1187812777251005,-0.0220331065356731,0.0083440244197845,-0.0005042285774834
4.918069580078125,0.0244802881967276,-0.0089257953859865,0.1707329987585544,-0.027039298787713,0.006981149315834,0.0025914052966982
4.928095703125,0.060524903589487,-0.0280428029838949,0.1815051526635885,-0.0269793774932622,-0.0008714473806321,0.0049155461601912
4.93812158203125,0.0795172618944197,-0.0207632039023563,0.169458156517148,-0.0237519107758998,-0.0057656685821712,0.0103596048429608
4.94814892578125,0.0720686994541436,-0.0406838560333475,0.1371563078492879,-0.0175344944000244,-0.0111463200300931,0.0114086233079433
4.9581748046875,0.0676118661757558,-0.0481707777226343,0.1180190611809492,-0.0130767095834016,-0.0310714300721883,0.0017153762746602
4.968200927734375,0.0531187920514494,-0.0890513253718614,0.1112140573412179,-0.0101901106536388,-0.0261477772146463,-0.0056440029293298
4.9782275390625,0.0448946421287953,-0.1015316349016502,0.0770639504581689,-0.0067292023450136,-0.0198608487844467,-0.0091362735256552
4.988253662109375,0.0367089975856244,-0.0649199602106586,0.0378916314989328,-0.0091199222952127,-0.0112950578331947,-0.0118231372907757
4.99827978515625,0.0405799938000738,-0.0297463189661502,0.0009434183299541,-0.0128712709993124,0.0057812659069895,-0.0127632040530443
5.008306884765625,0.0514957208942621,-0.0018105930859223,-0.0386649539589881,-0.0170692130923271,0.0265392735600471,-0.0040309648029506
5.018332763671875,0.0672842416565865,0.0249766203463077,-0.0267225872308015,-0.0201196018606424,0.0461837500333786,0.0008216553833335
5.02835888671875,0.0717277770619839,0.002802051808685,0.0249959095686674,-0.0240432359278202,0.0472588688135147,-0.0036569826770573
5.0383857421875,0.0498003882184624,-0.0201579314855858,0.1258557461559772,-0.0263625141233205,0.0306250266730785,-0.0081710070371627
5.048411865234375,0.0778551739010959,-0.0277766993936151,0.1917190881639719,-0.0282925069332122,0.0151968020945787,-0.00176956737414
5.058437744140625,0.0574367283158004,-0.0090785017296671,0.2149409737974405,-0.0177142489701509,0.004979713819921,0.0035097466316074
5.06846484375,0.0413207291647791,0.0377307053161784,0.178613522875309,-0.0030037458054721,-0.0066029061563313,0.0007802729378454
5.07849072265625,0.0308406170088797,0.0918468013092875,0.1165495731502771,0.0051077185198664,-0.0148258786648511,0.0046513606794178
5.088516845703125,0.0077001991137862,0.077484367827326,0.104425420114398,0.0138151897117495,-0.0102732051163911,0.009838399477303
5.098543701171875,0.0005382715951651,0.0325377032503485,0.0872346313387155,0.0168373100459575,-0.0077532506547868,0.010800315067172
5.10856982421875,-0.0337356808632612,0.0197466472709551,0.1574012234985828,0.0146625731140375,-0.0122007299214601,0.0050010154955089
5.118595703125,-0.0645941988550126,-0.0010454173997044,0.1936392425715923,0.013938401825726,-0.0003214357420802,-0.0012296282220631
5.128622802734375,-0.0803394649975001,-0.0027640578858554,0.1755173104256391,0.0131724765524268,0.0103264153003692,-0.0041995858773589
5.138648681640625,-0.0589548777937889,0.0278127936203032,0.1635112308114767,0.0111108990386128,0.0270777642726898,-0.006288731470704
5.1486748046875,-0.0209507988963276,0.0299611307606101,0.1811269670009613,0.012720514088869,0.0379615724086761,-0.0030348810832947
5.15870166015625,-0.0073324617799371,0.0231952533548697,0.2053524767190218,0.0343067646026611,0.0440602116286754,0.0002064522996079
5.168727783203125,0.0168871296539902,0.0107779991239309,0.1260673430800437,0.080734983086586,0.0430181175470352,0.0189780090004205
5.178753662109375,0.0655022536106407,0.0640257147846743,0.102715109065175,0.1489218026399612,-0.0043642502278089,0.0193621758371591
5.188781005859375,0.0778258747413754,0.0808326188093051,0.0206961665481328,0.183869406580925,-0.0628576502203941,0.0199944097548723
5.198806884765625,0.1082227665707468,0.0244105474287644,0.059995326757431,0.1761878281831741,-0.0854120999574661,0.018983531743288
5.2088330078125,0.0890554170250892,0.0485808198282495,0.1471504631191492,0.1311250180006027,-0.0616756081581115,0.0285546667873859
5.218859619140625,0.0711423783894628,0.0882566313302144,0.1876326956331729,0.0486667305231094,-0.0174010284245014,0.0395648889243602
5.2288857421875,0.0304447495590895,0.1158501196440309,0.3160422179251909,-0.0568876601755619,0.0153947360813617,0.0485021881759166
5.23891162109375,0.0228507142335176,0.0767925861708819,0.4224117578446865,-0.1638583689928054,0.0229697059839963,0.0504772551357746
5.24893896484375,0.0193383952636271,-0.0167188604149967,0.4532195685625076,-0.2426352053880691,0.0225787535309791,0.0421298407018184
5.25896484375,-0.0122471218284219,-0.0812784263480454,0.3573509643912315,-0.285986989736557,0.0201803743839263,0.0305160842835903
5.268990966796875,-0.0783596162918955,-0.12126951434426,0.1966922004014253,-0.2919215857982635,0.0173041615635156,0.0173914954066276
5.279017822265625,-0.1102361522197723,-0.1531517128279432,0.0320072496354579,-0.2586308121681213,0.0223631039261817,0.0137993888929486
5.2890439453125,-0.0665625763185322,-0.1348265497274696,-0.0841851806402206,-0.1942305117845535,0.0442886427044868,0.0102784233167767
5.29906982421875,-0.0506794360753148,-0.1491266220303252,-0.2191600527971982,-0.1096194311976432,0.0671518146991729,-0.0044771041721105
5.309096923828125,-0.0962235550887882,-0.1889881288301199,-0.2688584419459104,-0.0129666607826948,0.0418975912034511,-0.0282402243465185
